YESPLUS YS-1407 OTG USB Flash Driver For Smart Phone,225
16/32/64/128/256 GB USB 3.0 Pendrive,849
Yesplus YS1002 64GB Dual Drive USB 3.2 Type-C Rotatable High Speed Pendrive,1466
SanDisk 64GB Ultra USB3.0 Flash Drive PenDrive,2199
8GB OTG Pendrive with Micro,389
"Dahua 128GB Dual Drive USB 3.2 Type-C & Type-A Flash Drive for Storage""",3500
16Gb Usb Pen Drive (White),599
4/8/16/32GB Pendrive USB 2.0,499
32GB Pendrive USB 2.0,899
USB 128GB 2.0 High Speed Pendrive,1699
64GB USB 2.0 Metal Body Pen Drive,1299
Lexar 128GB Pendrive Type C + USB,4150
Genuine 64 GB USB 2.0 Pendrive,1499
SanDisk 32GB Ultra PenDrive USB3.0 Flash Drive,1840
USB 3.0 64 GB Pen Drive (1 year warranty),1399
Pen Drive 64 GB USB3.1,1199
USB 3.0 16GB High Speed Pendrive,1299
16/32/64/128 GB USB 3.0 Pendrive,849
32GB USB 2.0 Pen Drive,752
Usb Flash Drive- 16 Gb,799
Fast Speed 64GB Pendrive USB 3.0,1665
TeamGroup C211 Pendrive (64GB | USB 3.2 | Read up to 75 MB/s | Compact Size | LED Indicator),1400
712w 64GB USB 3.2 Flash Drive,1499
Pendrive 32Gb HHp Better Price,1115
USB 3.0 High Speed Pendrive 4GB–128GB | 70MB/s Read Speed | Lightweight Flash Drive | Black/White,599
8GB Pendrive USB 2.0,999
256 GB Dahua Pendrive USB 3.2 and Type C,6500
4GB Hayabusa Pen drive (White),599
Green Tech 16 GB Pen Drive,899
"8gb Pendrive, Memory Size: 8gb",530
"Lexar LJDD400032G-BNQNG JumpDrive Dual Drive D400, USB 3.1 Type-C, 32 GB Capacity",1699
SanDisk 128GB Ultra Dual Drive ( Type-C OTG Pendrive ) for Smartphone Tablet & Computer,4599
4/8/16/32GB Pendrive USB 2.0,499
USB 128GB 2.0 High Speed Pendrive,1499
32GB Pendrive USB 2.0,999
SanDisk Ultra Dual Drive USB Go Type-C 128 GB USB 3.1_gen_1 OTG Pendrive,4498
16GB Ultra Luxe USB 3.1 Flash Drive,865
32GB Pendrive USB 2.0 with OTG,2000
V285W 8GB Flash Drive/ Pen Drive,439
Lexar® JumpDrive® Dual Drive D400 USB 3.2 Type-C™ | 32GB | High-Speed Dual USB Type-C Flash Drive for PC & Mac,1650
,849
,225
,499
,1799
,599
,999
,385
,3499
,500
,5000
,858
,999
,3150
,1500
,1803
,1399
,421
,1250
,1299
,585
,1429
,4498
,1400
,849
,1552
,499
,1699
,953
,2166
,800
,1799
,3300
,4508
,799
,510
,1115
,999
,530
,1799
,1111
,849
,225
,499
,1799
,599
,999
,385
,3499
,500
,5000
,858
,999
,3150
,1500
,1803
,1399
,421
,1250
,1299
,585
,1429
,4498
,1400
,849
,1552
,499
,1699
,953
,2166
,800
,1799
,3300
,4508
,799
,510
,1115
,999
,530
,1799
,1111
,849
,225
,499
,1799
,599
,999
,385
,3499
,500
,5000
,858
,999
,3150
,1500
,1803
,1399
,421
,1250
,1299
,585
,1429
,4498
,1400
,849
,1552
,499
,1699
,953
,2166
,800
,1799
,3300
,4508
,799
,510
,1115
,999
,530
,1799
,1111
,849
,225
,499
,1799
,599
,999
,385
,3499
,500
,5000
,858
,999
,3150
,1500
,1803
,1399
,421
,1250
,1299
,585
,1429
,4498
,1400
,849
,1552
,499
,1699
,953
,2166
,800
,1799
,3300
,4508
,799
,510
,1115
,999
,530
,1799
,1111
,849
,225
,499
,1799
,599
,999
,385
,3499
,500
,5000
,858
,999
,3150
,1500
,1803
,1399
,421
,1250
,1299
,585
,1429
,4498
,1400
,849
,1552
,499
,1699
,953
,2166
,800
,1799
,3300
,4508
,799
,510
,1115
,999
,530
,1799
,1111
,849
,225
,499
,1799
,599
,999
,385
,3499
,500
,5000
,858
,999
,3150
,1500
,1803
,1399
,421
,1250
,1299
,585
,1429
,4498
,1400
,849
,1552
,499
,1699
,953
,2166
,800
,1799
,3300
,4508
,799
,510
,1115
,999
,530
,1799
,1111
,849
,225
,499
,1799
,599
,999
,385
,3499
,500
,5000
,858
,999
,3150
,1500
,1803
,1399
,421
,1250
,1299
,585
,1429
,4498
,1400
,849
,1552
,499
,1699
,953
,2166
,800
,1799
,3300
,4508
,799
,510
,1115
,999
,530
,1799
,1111
